DimId,Dimension,Level,DimName,ParentId
2,Product,1,BONVIVA ,1
3,Product,1,HERCEPTI ,1
4,Product,1,MIRCERA ,1
5,Product,1,RECORMON ,1
6,Product,1,BONDRONA ,1
7,Product,1,AVASTIN ,1
8,Product,1,NEORECOR ,1
9,Product,1,ALTUZAN ,1
10,Product,1,BONIVA ,1
11,Product,1,ROACTEM ,1
12,Product,1,PERJETA ,1
13,Product,2,BONVIVA 3MG/3ML 1ASRG CIS,2
14,Product,2,HERCEPTI 150MG 1VILY IV ES,3
15,Product,2,MIRCERA 120MCG/.3ML 1 ASRG DK-NO-IS,4
16,Product,2,RECORMON 2000IU/0.3ML 6ASRG FE-KR,5
17,Product,2,RECORMON 3000IU/0.3ML 6ASRG FE-KR,5
18,Product,2,RECORMON 4000IU/0.3ML 6ASRG FE-KR,5
19,Product,2,RECORMON 5000IU/0.3ML 6ASRG FE-KR,5
20,Product,2,RECORMON 10000IU/0.6ML 6ASRG FE-KR,5
21,Product,2,BONDRONA 6MG/6ML 5VIAL SI,6
22,Product,2,AVASTIN 400MG/16ML 1VIAL GR-CY,7
23,Product,2,BONVIVA 3MG/3ML 1ASRG HU-SI,2
24,Product,2,MIRCERA 50MCG/0.3ML 1ASRG US,4
25,Product,2,NEORECOR 20000IU/0.6ML 6ASRG GB-IE,8
26,Product,2,NEORECOR 4000IU/0.3ML 1ASRG FR-CLIN,8
27,Product,2,AVASTIN 400MG/16ML 1VIAL FR-CLIN,7
28,Product,2,BONDRONA 6MG/6ML 1VIAL PRISA,6
29,Product,2,AVASTIN 100MG/4ML 1VIAL GR-CY,7
30,Product,2,NEORECOR 2000IU/.3ML 6 ASRG GB-IE-GRCY,8
31,Product,2,BONVIVA 3MG/3ML 1ASRG NL,2
32,Product,2,BONVIVA 3MG/3ML 1ASRG AT,2
33,Product,2,BONVIVA 3MG/3ML 1ASRG DE,2
34,Product,2,MIRCERA 200MCG/.3ML 1 ASRG DE,4
35,Product,2,MIRCERA 75MCG/.3ML 1 ASRG DE,4
36,Product,2,MIRCERA 30MCG/0.3ML 1ASRG DE,4
37,Product,2,MIRCERA 360MCG/0.6ML 1ASRG DE,4
38,Product,2,MIRCERA 120MCG/0.3ML 1ASRG DE,4
39,Product,2,MIRCERA 50MCG/.3ML 1 ASRG DE,4
40,Product,2,MIRCERA 100MCG/.3ML 1 ASRG DE,4
41,Product,2,NEORECOR 50000IU 1 VILY AT-DE,8
42,Product,2,NEORECOR 10000IU/.6ML 6 ASRG DEATBENL,8
43,Product,2,NEORECOR 2000IU/.3ML 6 ASRG DEATBENL,8
44,Product,2,NEORECOR 4000IU/.3ML 6 ASRG DEATBENL,8
45,Product,2,NEORECOR 30000IU/.6ML 4 ASRG DEATBENL,8
46,Product,2,NEORECOR 5000IU/.3ML 6 ASRG DEATBENL,8
47,Product,2,NEORECOR 6000IU/.3ML 6 ASRG DEATBENL,8
48,Product,2,AVASTIN 100MG/4ML 1VIAL BE,7
49,Product,2,AVASTIN 400MG/16ML 1VIAL BE,7
50,Product,2,HERCEPTI 150MG 1VILY IV BE,3
51,Product,2,AVASTIN 100MG/4ML 1VIAL DE,7
52,Product,2,AVASTIN 400MG/16ML 1VIAL DE,7
53,Product,2,HERCEPTI 150MG 1VILY IV NL,3
54,Product,2,AVASTIN 100MG/4ML 1VIAL AT,7
55,Product,2,AVASTIN 400MG/16ML 1VIAL AT,7
56,Product,2,AVASTIN 100MG/4ML 1VIAL NL,7
57,Product,2,AVASTIN 400MG/16ML 1VIAL NL,7
58,Product,2,MIRCERA 100MCG/.3ML 1 ASRG BE-NL,4
59,Product,2,MIRCERA 250MCG/.3ML 1 ASRG BE-NL,4
60,Product,2,MIRCERA 200MCG/.3ML 1 ASRG BE-NL,4
61,Product,2,MIRCERA 360MCG/.6ML 1 ASRG BE-NL,4
62,Product,2,MIRCERA 150MCG/0.3ML 1ASRG CO,4
63,Product,2,MIRCERA 250MCG/0.3ML 1ASRG MX,4
64,Product,2,BONDRONA 6MG/6ML 1VIAL CO,6
65,Product,2,RECORMON 5000IU/0.3ML 6ASRG EC,5
66,Product,2,RECORMON 2000IU/0.3ML 6ASRG EC,5
67,Product,2,NEORECOR 2000IU/.3ML 6 ASRG CZSKHUSI,8
68,Product,2,NEORECOR 4000IU/.3ML 6 ASRG CZSKHUSI,8
69,Product,2,AVASTIN 400MG/16ML 1VIAL CZ,7
70,Product,2,NEORECOR 6000IU/.3ML 6 ASRG CZSKHUSI,8
71,Product,2,NEORECOR 3000IU/.3ML 6 ASRG CZSKHUSI,8
72,Product,2,NEORECOR 5000IU/.3ML 6 ASRG CZSKHUSI,8
73,Product,2,AVASTIN 400MG/16ML 1VIAL SK,7
74,Product,2,AVASTIN 400MG/16ML 1VIAL HU,7
75,Product,2,HERCEPTI 150MG 1VILY IV HR,3
76,Product,2,AVASTIN 400MG/16ML 1VIAL HR,7
77,Product,2,MIRCERA 200MCG/.3ML 1 ASRG CZSKHUSI,4
78,Product,2,MIRCERA 75MCG/.3ML 1 ASRG CZSKHUSI,4
79,Product,2,MIRCERA 50MCG/.3ML 1 ASRG CZSKHUSI,4
80,Product,2,MIRCERA 250MCG/.3ML 1 ASRG CZSKHUSI,4
81,Product,2,MIRCERA 120MCG/0.3ML 1ASRG HR,4
82,Product,2,BONDRONA 2MG/2ML 1VIAL CH,6
83,Product,2,NEORECOR 10000IU/.6ML 6 ASRG ES-PT,8
84,Product,2,NEORECOR 2000IU/.3ML 6 ASRG ES-PT,8
85,Product,2,NEORECOR 4000IU/.3ML 6 ASRG ES-PT,8
86,Product,2,AVASTIN 400MG/16ML 1VIAL ES,7
87,Product,2,NEORECOR 5000IU/.3ML 6 ASRG ES-PT,8
88,Product,2,AVASTIN 100MG/4ML 1VIAL ES,7
89,Product,2,NEORECOR 3000IU/.3ML 6 ASRG ES-PT,8
90,Product,2,NEORECOR 6000IU/.3ML 6 ASRG ES-PT,8
91,Product,2,AVASTIN 100MG/4ML 1VIAL PT,7
92,Product,2,NEORECOR 30000IU/.6ML 4 ASRG ES-PT,8
93,Product,2,NEORECOR 500IU/.3ML 6 ASRG ES-PT,8
94,Product,2,NEORECOR 500IU/.3ML 6 ASRG GB-IE-GRCY,8
95,Product,2,NEORECOR 30000IU/.6ML 4 ASRG GB-IE-GRCY,8
96,Product,2,HERCEPTI 150MG 1VILY IV GB-IE,3
97,Product,2,BONVIVA 3MG/3ML 1ASRG GB-IE,2
98,Product,2,AVASTIN 400MG/16ML 1VIAL GB-IE,7
99,Product,2,AVASTIN 100MG/4ML 1VIAL GB-IE,7
100,Product,2,BONVIVA 3MG/3ML 1ASRG GR-CY,2
101,Product,2,MIRCERA 100MCG/0.3ML 1ASRG CH,4
102,Product,2,NEORECOR 2000IU/.3ML 6 ASRG FR,8
103,Product,2,NEORECOR 30000IU/.6ML 4 ASRG FR,8
104,Product,2,HERCEPTI 150MG 1VILY IV FR-CLIN,3
105,Product,2,NEORECOR 2000IU/0.3ML 1ASRG FR-CLIN,8
106,Product,2,AVASTIN 100MG/4ML 1VIAL FR-CLIN,7
107,Product,2,NEORECOR 10000IU/0.6ML 1ASRG FR-CLIN,8
108,Product,2,NEORECOR 3000IU/.3ML 6 ASRG FR,8
109,Product,2,NEORECOR 3000IU/0.3ML 1ASRG FR-CLIN,8
110,Product,2,NEORECOR 5000IU/.3ML 1 ASRG FR-CLIN,8
111,Product,2,MIRCERA 120MCG/.3ML 1 ASRG ES-PT,4
112,Product,2,MIRCERA 30MCG/.3ML 1 ASRG ES-PT,4
113,Product,2,MIRCERA 150MCG/.3ML 1 ASRG ES-PT,4
114,Product,2,MIRCERA 100MCG/.3ML 1 ASRG ES-PT,4
115,Product,2,MIRCERA 75MCG/.3ML 1 ASRG ES-PT,4
116,Product,2,NEORECOR 6000IU/.3ML 6 ASRG SC,8
117,Product,2,MIRCERA 100MCG/.3ML 1 ASRG GB-IE-GRCY,4
118,Product,2,MIRCERA 120MCG/.3ML 1 ASRG GB-IE-GRCY,4
119,Product,2,MIRCERA 150MCG/.3ML 1 ASRG GB-IE-GRCY,4
120,Product,2,MIRCERA 200MCG/.3ML 1 ASRG GB-IE-GRCY,4
121,Product,2,MIRCERA 30MCG/.3ML 1 ASRG GB-IE-GRCY,4
122,Product,2,MIRCERA 250MCG/.3ML 1 ASRG GB-IE-GRCY,4
123,Product,2,NEORECOR 30000IU/.6ML 4 ASRG SC,8
124,Product,2,RECORMON 4000IU/.3ML 6 ASRG EFA-SPI,5
125,Product,2,MIRCERA 100MCG/.3ML 1 ASRG EFA-36,4
126,Product,2,MIRCERA 75MCG/.3ML 1 ASRG EFA-36,4
127,Product,2,RECORMON 4000IU/.3ML 6 ASRG EFA,5
128,Product,2,RECORMON 2000IU/.3ML 6 ASRG EFA,5
129,Product,2,RECORMON 10000IU/0.6ML 6ASRG FA,5
130,Product,2,MIRCERA 50MCG/.3ML 1 ASRG EFA-36,4
131,Product,2,RECORMON 3000IU/.3ML 6 ASRG EFA,5
132,Product,2,NEORECOR 4000IU/.3ML 6 ASRG RO-BG-PL,8
133,Product,2,NEORECOR 5000IU/.3ML 6 ASRG RO-BG-PL,8
134,Product,2,NEORECOR 30000IU/.6ML 1 ASRG RO-BG-PL,8
135,Product,2,NEORECOR 3000IU/.3ML 6 ASRG RO-BG-PL,8
136,Product,2,NEORECOR 50000IU 1 VILY PL,8
137,Product,2,NEORECOR 2000IU/.3ML 6 ASRG RO-BG-PL,8
138,Product,2,AVASTIN 400MG/16ML 1VIAL PL,7
139,Product,2,NEORECOR 500IU/.3ML 6 ASRG PL,8
140,Product,2,HERCEPTI 150MG 1VILY IV PL,3
141,Product,2,RECORMON 2000IU/.3ML 6 ASRG FE,5
142,Product,2,RECORMON 3000IU/.3ML 6 ASRG FE,5
143,Product,2,BONDRONA 2MG/2ML 1VIAL FE,6
144,Product,2,RECORMON 4000IU/.3ML 6 ASRG FE,5
145,Product,2,RECORMON 5000IU/.3ML 6 ASRG FE,5
146,Product,2,RECORMON 30000IU/.6ML 1 ASRG FE,5
147,Product,2,NEORECOR 3000IU/.3ML 6 ASRG SC,8
148,Product,2,NEORECOR 10000IU/.6ML 6 ASRG RO-BG-PL,8
149,Product,2,AVASTIN 100MG/4ML 1VIAL BG,7
150,Product,2,RECORMON 30000IU/.6ML 4 ASRG FE,5
151,Product,2,RECORMON 10000IU/.6ML 6 ASRG FE,5
152,Product,2,NEORECOR 6000IU/.3ML 6 ASRG RO-BG-PL,8
153,Product,2,BONVIVA 3MG/3ML 1ASRG FE,2
154,Product,2,RECORMON 50000IU 1VILY FE,5
155,Product,2,RECORMON 10000IU/0.6ML 1ASRG FE,5
156,Product,2,RECORMON 6000IU/.3ML 6 ASRG FE,5
157,Product,2,MIRCERA 100MCG/.3ML 1 ASRG FE-36,4
158,Product,2,MIRCERA 120MCG/.3ML 1 ASRG FE-36,4
159,Product,2,MIRCERA 200MCG/.3ML 1 ASRG FE-36,4
160,Product,2,HERCEPTI 150MG 1VILY IV BG,3
161,Product,2,HERCEPTI 150MG 1VILY IV RO,3
162,Product,2,NEORECOR 3000IU/.3ML 6 ASRG TR,8
163,Product,2,BONVIVA 3MG/3ML 1ASRG TR,2
164,Product,2,ALTUZAN 100MG/4ML 1VIAL TR,9
165,Product,2,NEORECOR 4000IU/.3ML 1 ASRG IT-PU,8
166,Product,2,NEORECOR 2000IU/.3ML 1 ASRG IT-PU,8
167,Product,2,AVASTIN 400MG/16ML 1VIAL IT-CLIN,7
168,Product,2,NEORECOR 30000IU/.6ML 1 ASRG IT-PU,8
169,Product,2,NEORECOR 10000IU/.6ML 1 ASRG IT-PU,8
170,Product,2,AVASTIN 100MG/4ML 1VIAL IT-CLIN,7
171,Product,2,BONVIVA 3MG/3ML 1ASRG IT-CLIN,2
172,Product,2,NEORECOR 3000IU/.3ML 1 ASRG IT-PU,8
173,Product,2,NEORECOR 10000IU/.6ML 6 ASRG ELL,8
174,Product,2,AVASTIN 400MG/16ML 1VIAL SE-FI,7
175,Product,2,NEORECOR 4000IU/.3ML 6 ASRG ELL,8
176,Product,2,HERCEPTI 150MG 1VILY IV ELL,3
177,Product,2,BONVIVA 3MG/3ML 1ASRG UA,2
178,Product,2,MIRCERA 100MCG/.3ML 1 ASRG IT-PU,4
179,Product,2,MIRCERA 360MCG/0.6ML 1ASRG IT-PU,4
180,Product,2,MIRCERA 200MCG/.3ML 1 ASRG IT-PU,4
181,Product,2,MIRCERA 150MCG/.3ML 1 ASRG IT-PU,4
182,Product,2,MIRCERA 75MCG/0.3ML 1ASRG UA,4
183,Product,2,NEORECOR 5000IU/.3ML 6 ASRG SC,8
184,Product,2,RECORMON 4000IU/0.3ML 6ASRG PRISA,5
185,Product,2,AVASTIN 400MG/16ML 1VIAL DK-NO-IS,7
186,Product,2,BONVIVA 3MG/3ML 1ASRG DK-NO-IS,2
187,Product,2,RECORMON 30000IU/0.6ML 1ASRG PRISA,5
188,Product,2,NEORECOR 4000IU/.3ML 6 ASRG NO,8
189,Product,2,AVASTIN 100MG/4ML 1VIAL DK-NO-IS,7
190,Product,2,MIRCERA 50MCG/.3ML 1 ASRG ELL,4
191,Product,2,MIRCERA 100MCG/.3ML 1 ASRG ELL,4
192,Product,2,MIRCERA 50MCG/.3ML 1 ASRG AR,4
193,Product,2,MIRCERA 50MCG/0.3ML 1ASRG PRISA,4
194,Product,2,MIRCERA 360MCG/0.6ML 1ASRG ELL,4
195,Product,2,MIRCERA 75MCG/.3ML 1 ASRG ELL,4
196,Product,2,MIRCERA 100MCG/0.3ML 1ASRG PRISA,4
197,Product,2,MIRCERA 30MCG/.3ML 1 ASRG ELL,4
198,Product,2,MIRCERA 75MCG/.3ML 1 ASRG RO-BG-PL,4
199,Product,2,MIRCERA 30MCG/.3ML 1 ASRG RO-BG-PL,4
200,Product,2,MIRCERA 200MCG/.3ML 1 ASRG RO-BG-PL,4
201,Product,2,MIRCERA 50MCG/.3ML 1 ASRG RO-BG-PL,4
202,Product,2,MIRCERA 150MCG/.3ML 1 ASRG ZA,4
203,Product,2,MIRCERA 200MCG/.3ML 1 ASRG ZA,4
204,Product,2,NEORECOR 3000IU/0.3ML 6ASRG AU-NZ,8
205,Product,2,NEORECOR 5000IU/0.3ML 6ASRG AU-NZ,8
206,Product,2,MIRCERA 150MCG/.3ML 1 ASRG DK-NO-IS,4
207,Product,2,MIRCERA 100MCG/.3ML 1 ASRG SE-FI,4
208,Product,2,MIRCERA 50MCG/.3ML 1 ASRG SE-FI,4
209,Product,2,MIRCERA 200MCG/.3ML 1 ASRG DK-NO-IS,4
210,Product,2,MIRCERA 30MCG/.3ML 1 ASRG SE-FI,4
211,Product,2,MIRCERA 360MCG/.6ML 1 ASRG SE-FI,4
212,Product,2,BONVIVA 3MG/3ML 1ASRG KR,2
213,Product,2,AVASTIN 100MG/4ML 1VIAL KR,7
214,Product,2,RECORMON 2000IU/0.3ML 6ASRG MY,5
215,Product,2,RECORMON 5000IU/0.3ML 6ASRG MY,5
216,Product,2,RECORMON 2000IU/.3ML 6 ASRG PH,5
217,Product,2,RECORMON 5000IU/.3ML 6 ASRG PH,5
218,Product,2,RECORMON 2000IU/.3ML 6 ASRG TW,5
219,Product,2,RECORMON 5000IU/.3ML 6 ASRG TW,5
220,Product,2,MIRCERA 75MCG/0.3ML 1ASRG KR,4
221,Product,2,MIRCERA 120MCG/0.3ML 1ASRG KR,4
222,Product,2,MIRCERA 150MCG/0.3ML 1ASRG KR,4
223,Product,2,RECORMON 50000IU 1 VILY MX,5
224,Product,2,BONVIVA 3MG/3ML 1ASRG MX,2
225,Product,2,RECORMON 500IU/0.3ML 6ASRG ZA,5
226,Product,2,NEORECOR 10000IU/.6ML 6 ASRG GB-IE-GRCY,8
227,Product,2,HERCEPTI 150MG 1VILY IV DE,3
228,Product,2,BONDRONA 6MG/6ML 1VIAL CIS,6
229,Product,2,NEORECOR 4000IU/.3ML 6 ASRG SC,8
230,Product,2,MIRCERA 100MCG/.3ML 1 ASRG DK-NO-IS,4
231,Product,2,MIRCERA 100MCG/.3ML 1 ASRG RO-BG-PL,4
232,Product,2,RECORMON 50000IU 1VILY BA,5
233,Product,2,MIRCERA 75MCG/0.3ML 1ASRG CO,4
234,Product,2,AVASTIN 100MG/4ML 1VIAL SI,7
235,Product,2,BONDRONA 6MG/6ML 1VIAL DK-IS,6
236,Product,2,BONVIVA 3MG/3ML 1ASRG KZ,2
237,Product,2,AVASTIN 100MG/4ML 1VIAL SE-FI,7
238,Product,2,NEORECOR 2000IU/.3ML 6 ASRG SC,8
239,Product,2,NEORECOR 10000IU/.6ML 6 ASRG SC,8
240,Product,2,MIRCERA 120MCG/.3ML 1 ASRG SE-FI,4
241,Product,2,MIRCERA 150MCG/.3ML 1 ASRG SE-FI,4
242,Product,2,MIRCERA 200MCG/.3ML 1 ASRG SE-FI,4
243,Product,2,MIRCERA 30MCG/.3ML 1 ASRG DK-NO-IS,4
244,Product,2,MIRCERA 360MCG/0.6ML 1ASRG AU-NZ,4
245,Product,2,MIRCERA 75MCG/.3ML 1 ASRG DK-NO-IS,4
246,Product,2,NEORECOR 500IU/0.3ML 1ASRG FR-CLIN,8
247,Product,2,BONVIVA 3MG/3ML 1ASRG FR,2
248,Product,2,AVASTIN 100MG/4ML 1VIAL BR,7
249,Product,2,MIRCERA 50MCG/.3ML 1 ASRG FR,4
250,Product,2,MIRCERA 75MCG/.3ML 1 ASRG FR,4
251,Product,2,MIRCERA 100MCG/.3ML 1 ASRG FR,4
252,Product,2,NEORECOR 50000IU 1VILY IT-PU,8
253,Product,2,NEORECOR 5000IU/.3ML 1 ASRG IT-PU,8
254,Product,2,NEORECOR 6000IU/.3ML 1 ASRG IT-PU,8
255,Product,2,MIRCERA 75MCG/.3ML 1 ASRG IT-PU,4
256,Product,2,HERCEPTI 150MG 1VILY IV PT,3
257,Product,2,AVASTIN 400MG/16ML 1VIAL PT,7
258,Product,2,MIRCERA 50MCG/0.3ML 1ASRG UA,4
259,Product,2,MIRCERA 250MCG/.3ML 1 ASRG ES-PT,4
260,Product,2,MIRCERA 200MCG/.3ML 1 ASRG ES-PT,4
261,Product,2,RECORMON 5000IU/0.3ML 6ASRG FA,5
262,Product,2,MIRCERA 150MCG/.3ML 1 ASRG EFA-36,4
263,Product,2,BONVIVA 3MG/3ML 1ASRG EFA,2
264,Product,2,RECORMON 2000IU/0.3ML 6ASRG FA,5
265,Product,2,RECORMON 5000IU/.3ML 6 ASRG EFA,5
266,Product,2,RECORMON 30000IU/.6ML 4 ASRG EFA,5
267,Product,2,RECORMON 2000IU/.3ML 6 ASRG CH,5
268,Product,2,RECORMON 30000IU/.6ML 4 ASRG CH,5
269,Product,2,AVASTIN 100MG/4ML 1VIAL PL,7
270,Product,2,NEORECOR 30000IU/.6ML 4 ASRG CZSKHUSI,8
271,Product,2,NEORECOR 500IU/.3ML 6 ASRG CZSKHUSI,8
272,Product,2,NEORECOR 10000IU/.6ML 6 ASRG CZSKHUSI,8
273,Product,2,AVASTIN 400MG/16ML 1VIAL SI,7
274,Product,2,MIRCERA 30MCG/.3ML 1 ASRG CZSKHUSI,4
275,Product,2,AVASTIN 400MG/16ML 1VIAL BG,7
276,Product,2,AVASTIN 400MG/16ML 1VIAL RO,7
277,Product,2,AVASTIN 100MG/4ML 1VIAL RO,7
278,Product,2,NEORECOR 10000IU/.6ML 6 ASRG TR,8
279,Product,2,BONDRONA 6MG/6ML 1VIAL TR,6
280,Product,2,MIRCERA 150MCG/.3ML 1 ASRG BE-NL,4
281,Product,2,MIRCERA 120MCG/.3ML 1 ASRG BE-NL,4
282,Product,2,AVASTIN 100MG/4ML 1VIAL HR,7
283,Product,2,RECORMON 2000IU/.3ML 6 ASRG RS,5
284,Product,2,NEORECOR 3000IU/.3ML 6 ASRG DEATBENL,8
285,Product,2,MIRCERA 50MCG/0.3ML 1ASRG CO,4
286,Product,2,BONVIVA 3MG/3ML 1ASRG CO,2
287,Product,2,AVASTIN 400MG/16ML 1VIAL ELL,7
288,Product,2,BONVIVA 3MG/3ML 1ASRG EC,2
289,Product,2,AVASTIN 100MG/4ML 1VIAL ELL,7
290,Product,2,NEORECOR 5000IU/0.3ML 1ASRG IN,8
291,Product,2,BONVIVA 3MG/3ML 1 ASRG PK,2
292,Product,2,RECORMON 50000IU 1VILY PRISA,5
293,Product,2,RECORMON 30000IU/0.6ML 1ASRG CL,5
294,Product,2,BONVIVA 3MG/3ML 1ASRG PRISA,2
295,Product,2,MIRCERA 150MCG/0.3ML 1ASRG HR,4
296,Product,2,MIRCERA 200MCG/0.3ML 1ASRG PRISA,4
297,Product,2,MIRCERA 120MCG/.3ML 1 ASRG ELL,4
298,Product,2,MIRCERA 200MCG/.3ML 1 ASRG ELL,4
299,Product,2,MIRCERA 100MCG/0.3ML 1ASRG UY-BO-PY,4
300,Product,2,MIRCERA 100MCG/.3ML 1 ASRG AR,4
301,Product,2,MIRCERA 150MCG/.3ML 1 ASRG RO-BG-PL,4
302,Product,2,NEORECOR 5000IU/.3ML 6 ASRG TR,8
303,Product,2,MIRCERA 200MCG/0.3ML 1ASRG KR,4
304,Product,2,NEORECOR 4000IU/.3ML 6 ASRG GB-IE-GRCY,8
305,Product,2,NEORECOR 6000IU/.3ML 6 ASRG GB-IE-GRCY,8
306,Product,2,MIRCERA 75MCG/.3ML 1 ASRG GB-IE-GRCY,4
307,Product,2,MIRCERA 50MCG/.3ML 1 ASRG GB-IE-GRCY,4
308,Product,2,BONDRONA 6MG/6ML 1VIAL FE,6
309,Product,2,MIRCERA 150MCG/.3ML 1 ASRG FE-36,4
310,Product,2,MIRCERA 50MCG/.3ML 1 ASRG FE-36,4
311,Product,2,MIRCERA 75MCG/.3ML 1 ASRG FE-36,4
312,Product,2,HERCEPTI 150MG 1VILY IV AT,3
313,Product,2,NEORECOR 10000IU/.6ML 6 ASRG HR,8
314,Product,2,BONVIVA 3MG/3ML 1ASRG HR,2
315,Product,2,MIRCERA 75MCG/0.3ML 1ASRG US,4
316,Product,2,MIRCERA 100MCG/0.3ML 1ASRG US,4
317,Product,2,MIRCERA 120MCG/.3ML 1 ASRG IT-PU,4
318,Product,2,AVASTIN 100MG/4ML 1VIAL HU,7
319,Product,2,HERCEPTI 150MG 1VILY IV SI,3
320,Product,2,BONDRONA 2MG/2ML 1VIAL GB-IE,6
321,Product,2,RECORMON 2000IU/0.3ML 6ASRG UA,5
322,Product,2,RECORMON 5000IU/0.3ML 6ASRG PE,5
323,Product,2,HERCEPTI 150MG 1VILY IV SE-FI,3
324,Product,2,BONVIVA 3MG/3ML 1ASRG CZ-SK,2
325,Product,2,MIRCERA 250MCG/.3ML 1 ASRG DE,4
326,Product,2,MIRCERA 150MCG/.3ML 1 ASRG DE,4
327,Product,2,NEORECOR 500IU/.3ML 6 ASRG DEATBENL,8
328,Product,2,MIRCERA 30MCG/.3ML 3 ASRG DE,4
329,Product,2,RECORMON 3000IU/.3ML 6 ASRG CH,5
330,Product,2,RECORMON 5000IU/.3ML 6 ASRG CH,5
331,Product,2,RECORMON 5000IU/.3ML 6 ASRG RS,5
332,Product,2,NEORECOR 2000IU/.3ML 6 ASRG ELL,8
333,Product,2,AVASTIN 100MG/4ML 1VIAL CZ,7
334,Product,2,HERCEPTI 150MG 1VILY IV SK,3
335,Product,2,NEORECOR 50000IU 1VILY ES,8
336,Product,2,BONVIVA 3MG/3ML 1ASRG TW-TAK,2
337,Product,2,BONVIVA 3MG/3ML 1ASRG RO,2
338,Product,2,NEORECOR 3000IU/.3ML 6 ASRG GB-IE-GRCY,8
339,Product,2,MIRCERA 360MCG/0.6ML 1ASRG FR,4
340,Product,2,MIRCERA 120MCG/.3ML 1 ASRG FR,4
341,Product,2,MIRCERA 250MCG/.3ML 1 ASRG FR,4
342,Product,2,MIRCERA 30MCG/.3ML 1 ASRG FR,4
343,Product,2,MIRCERA 150MCG/.3ML 1 ASRG FR,4
344,Product,2,MIRCERA 50MCG/0.3ML 1ASRG CH,4
345,Product,2,MIRCERA 120MCG/0.3ML 1ASRG AU-NZ,4
346,Product,2,BONDRONA 2MG/2ML 1VIAL FR-CLIN,6
347,Product,2,NEORECOR 500IU/.3ML 6 ASRG FR,8
348,Product,2,NEORECOR 20000IU/.6ML 6 ASRG FR,8
349,Product,2,NEORECOR 6000IU/0.3ML 1ASRG FR-CLIN,8
350,Product,2,BONVIVA 3MG/3ML 1ASRG PL,2
351,Product,2,MIRCERA 250MCG/.3ML 1 ASRG IT-PU,4
352,Product,2,MIRCERA 100MCG/0.3ML 1ASRG KR,4
353,Product,2,MIRCERA 50MCG/.3ML 1 ASRG BE-NL,4
354,Product,2,MIRCERA 30MCG/.3ML 1 ASRG BE-NL,4
355,Product,2,MIRCERA 75MCG/.3ML 1 ASRG BE-NL,4
356,Product,2,RECORMON 30000IU/.6ML 4 ASRG ZA,5
357,Product,2,RECORMON 4000IU/.3ML 6 ASRG ZA,5
358,Product,2,HERCEPTI 150MG 1VILY IV DK-NO-IS,3
359,Product,2,MIRCERA 150MCG/0.3ML 1ASRG MX,4
360,Product,2,MIRCERA 50MCG/0.3ML 1ASRG UY-BO-PY,4
361,Product,2,MIRCERA 75MCG/0.3ML 1ASRG MX,4
362,Product,2,BONVIVA 3MG/3ML 1 ASRG BR,2
363,Product,2,MIRCERA 75MCG/0.3ML 1ASRG PRISA,4
364,Product,2,MIRCERA 100MCG/0.3ML 1ASRG CO,4
365,Product,2,MIRCERA 200MCG/0.3ML 1ASRG MX,4
366,Product,2,MIRCERA 75MCG/.3ML 1 ASRG ZA,4
367,Product,2,RECORMON 30000IU/0.6ML 1ASRG UY-BO-PY,5
368,Product,2,BONDRONA 6MG/6ML 1VIAL CL,6
369,Product,2,MIRCERA 50MCG/0.3ML 1ASRG KR,4
370,Product,2,RECORMON 10000IU/.6ML 6 ASRG CIS,5
371,Product,2,NEORECOR 10000IU/.6ML 6 ASRG FR,8
372,Product,2,RECORMON 2000IU/0.3ML 6ASRG KZ,5
373,Product,2,BONVIVA 3MG/3ML 1ASRG RS,2
374,Product,2,NEORECOR 10000IU/0.6ML 6ASRG ME,8
375,Product,2,BONVIVA 3MG/3ML 1ASRG HK-TAK,2
376,Product,2,AVASTIN 100MG/4ML 1VIAL SK,7
377,Product,2,HERCEPTI 150MG 1VILY IV IT-CLIN,3
378,Product,2,RECORMON 10000IU/.6ML 6 ASRG CH,5
379,Product,2,RECORMON 6000IU/.3ML 6 ASRG CH,5
380,Product,2,BONVIVA 3MG/3ML 1ASRG CH,2
381,Product,2,RECORMON 4000IU/.3ML 6 ASRG CH,5
382,Product,2,MIRCERA 360MCG/0.6ML 1ASRG CZSKHUSI,4
383,Product,2,MIRCERA 150MCG/.3ML 1 ASRG CZSKHUSI,4
384,Product,2,MIRCERA 120MCG/0.3ML 1ASRG CZSKHUSI,4
385,Product,2,MIRCERA 50MCG/0.3ML 1ASRG HR,4
386,Product,2,NEORECOR 5000IU/.3ML 6 ASRG GB-IE-GRCY,8
387,Product,2,RECORMON 30000IU/0.6ML 1ASRG CO,5
388,Product,2,RECORMON 30000IU/0.6ML 1ASRG EC,5
389,Product,2,MIRCERA 100MCG/0.3ML 1ASRG MX,4
390,Product,2,MIRCERA 50MCG/0.3ML 1ASRG MX,4
391,Product,2,MIRCERA 50MCG/.3ML 1 ASRG ES-PT,4
392,Product,2,MIRCERA 250MCG/0.3ML 1ASRG CH,4
393,Product,2,MIRCERA 200MCG/.3ML 1 ASRG EFA-36,4
394,Product,2,BONVIVA 3MG/3ML 1ASRG BG,2
395,Product,2,BONDRONA 6MG/6ML 1VIAL SE-FI,6
396,Product,2,NEORECOR 2000IU/.3ML 6 ASRG TR,8
397,Product,2,RECORMON 10000IU/.6ML 6 ASRG ZA,5
398,Product,2,RECORMON 2000IU/.3ML 6 ASRG ZA,5
399,Product,2,NEORECOR 4000IU/0.3ML 1ASRG IN,8
400,Product,2,MIRCERA 50MCG/.3ML 1 ASRG IT-PU,4
401,Product,2,RECORMON 2000IU/.3ML 6 ASRG CIS,5
402,Product,2,NEORECOR 6000IU/.3ML 6 ASRG NO,8
403,Product,2,MIRCERA 120MCG/.3ML 1 ASRG RO-BG-PL,4
404,Product,2,MIRCERA 360MCG/0.6ML 1ASRG ZA,4
405,Product,2,MIRCERA 100MCG/.3ML 1 ASRG IN,4
406,Product,2,MIRCERA 120MCG/0.3ML 1ASRG ZA,4
407,Product,2,NEORECOR 4000IU/0.3ML 6ASRG AU-NZ,8
408,Product,2,BONDRONA 6MG/6ML 1VIAL IT-CLIN,6
409,Product,2,NEORECOR 6000IU/0.3ML 6ASRG AU-NZ,8
410,Product,2,NEORECOR 10000IU/0.6ML 6ASRG AU-NZ,8
411,Product,2,BONDRONA 6MG/6ML 1VIAL UA,6
412,Product,2,RECORMON 2000IU/0.3ML 1ASRG CL,5
413,Product,2,BONVIVA 3MG/3ML 1ASRG CL,2
414,Product,2,MIRCERA 75MCG/0.3ML 1ASRG AU-NZ,4
415,Product,2,MIRCERA 50MCG/.3ML 1 ASRG DK-NO-IS,4
416,Product,2,MIRCERA 150MCG/0.3ML 1ASRG CL,4
417,Product,2,RECORMON 50000IU 1VILY SAMCA,5
418,Product,2,MIRCERA 100MCG/0.3ML 1ASRG AU-NZ,4
419,Product,2,MIRCERA 30MCG/0.3ML 1ASRG KR,4
420,Product,2,NEORECOR 30000IU/.6ML 1 ASRG HU-SI,8
421,Product,2,NEORECOR 4000IU/0.3ML 6ASRG HR,8
422,Product,2,HERCEPTI 150MG 1VILY IV CZ,3
423,Product,2,MIRCERA 200MCG/0.3ML 1ASRG HR,4
424,Product,2,BONVIVA 3MG/3ML 1ASRG BE,2
425,Product,2,RECORMON 6000IU/.3ML 6 ASRG ZA,5
426,Product,2,BONDRONA 6MG/6ML 1VIAL ZA,6
427,Product,2,MIRCERA 50MCG/0.3ML 1ASRG ZA,4
428,Product,2,RECORMON 10000IU/.6ML 6 ASRG BR,5
429,Product,2,MIRCERA 250MCG/.3ML 1 ASRG DK-NO-IS,4
430,Product,2,RECORMON 5000IU/.3ML 6 ASRG MX,5
431,Product,2,NEORECOR 3000IU/0.3ML 1ASRG IN,8
432,Product,2,MIRCERA 30MCG/0.3ML 1ASRG CH,4
433,Product,2,MIRCERA 50MCG/0.3ML 1ASRG AU-NZ,4
434,Product,2,NEORECOR 6000IU/.3ML 6 ASRG FR,8
435,Product,2,NEORECOR 30000IU/.6ML 1 ASRG FR-CLIN,8
436,Product,2,NEORECOR 4000IU/.3ML 6 ASRG FR,8
437,Product,2,NEORECOR 5000IU/.3ML 6 ASRG FR,8
438,Product,2,MIRCERA 200MCG/.3ML 1 ASRG FR,4
439,Product,2,RECORMON 10000IU/.6ML 6 ASRG TW,5
440,Product,2,MIRCERA 150MCG/0.3ML 1ASRG UY-BO-PY,4
441,Product,2,RECORMON 2000IU/0.3ML 6ASRG VN,5
442,Product,2,RECORMON 10000IU/0.6ML 6ASRG UY-BO-PY,5
443,Product,2,RECORMON 50000IU 1VILY UY-BO-PY,5
444,Product,2,NEORECOR 2000IU/.3ML 6 ASRG NO,8
445,Product,2,HERCEPTI 150MG 1VILY IV GR,3
446,Product,2,BONVIVA 3MG/3ML 1ASRG PE,2
447,Product,2,RECORMON 30000IU/0.6ML 1ASRG PE,5
448,Product,2,BONDRONA 6MG/6ML 1VIAL BA,6
449,Product,2,BONDRONA 6MG/6ML 1VIAL AT,6
450,Product,2,MIRCERA 30MCG/.3ML 1 ASRG IT-PU,4
451,Product,2,BONIVA 3MG/3ML 1ASRG US,10
452,Product,2,NEORECOR 20000IU/.6ML 1 ASRG FR-CLIN,8
453,Product,2,RECORMON 6000IU/0.3ML 6ASRG FE-KR,5
454,Product,2,RECORMON 2000IU/0.3ML 6ASRG PRISA,5
455,Product,2,BONDRONA 6MG/6ML 1VIAL CN,6
456,Product,2,RECORMON 2000IU/.3ML 6 ASRG BA,5
457,Product,2,MIRCERA 100MCG/.3ML 1 ASRG CZSKHUSI,4
458,Product,2,NEORECOR 5000IU/.3ML 6 ASRG NO,8
459,Product,2,RECORMON 2000IU/.3ML 6 ASRG EFA-SPI,5
460,Product,2,NEORECOR 5000IU/.3ML 6 ASRG ELL,8
461,Product,2,MIRCERA 50MCG/.3ML 1 ASRG IN,4
462,Product,2,MIRCERA 150MCG/0.3ML 1ASRG CH,4
463,Product,2,MIRCERA 200MCG/0.3ML 1ASRG CH,4
464,Product,2,MIRCERA 360MCG/0.6ML 1ASRG CH,4
465,Product,2,MIRCERA 75MCG/0.3ML 1ASRG CH,4
466,Product,2,MIRCERA 50MCG/0.3ML 1ASRG PE,4
467,Product,2,MIRCERA 250MCG/.3ML 1 ASRG ZA,4
468,Product,2,NEORECOR 2000IU/0.3ML 6ASRG ME,8
469,Product,2,MIRCERA 75MCG/.3ML 3 ASRG DE,4
470,Product,2,NEORECOR 50000IU 1 VILY CZ-SK,8
471,Product,2,BONVIVA 3MG/3ML 1ASRG BA,2
472,Product,2,MIRCERA 100MCG/0.3ML 1ASRG HR,4
473,Product,2,MIRCERA 250MCG/.3ML 1 ASRG SE-FI,4
474,Product,2,MIRCERA 200MCG/0.3ML 1ASRG AU-NZ,4
475,Product,2,MIRCERA 75MCG/.3ML 1 ASRG SE-FI,4
476,Product,2,BONDRONA 6MG/6ML 1VIAL EFA-F,6
477,Product,2,RECORMON 10000IU/.6ML 6 ASRG EFA,5
478,Product,2,RECORMON 30000IU/.6ML 4 ASRG VE,5
479,Product,2,MIRCERA 75MCG/.3ML 1 ASRG IN,4
480,Product,2,MIRCERA 100MCG/.3ML 1 ASRG ZA,4
481,Product,2,MIRCERA 360MCG/.6ML 1 ASRG GB-IE-GRCY,4
482,Product,2,NEORECOR 2000IU/.3ML 6 ASRG HR,8
483,Product,2,NEORECOR 2000IU/0.3ML 1ASRG IN,8
484,Product,2,BONDRONA 2MG/2ML 1VIAL AT,6
485,Product,2,MIRCERA 30MCG/.3ML 1 ASRG FE-36,4
486,Product,2,BONDRONA 2MG/2ML 1VIAL DE,6
487,Product,2,BONVIVA 3MG/3ML 1ASRG LT,2
488,Product,2,MIRCERA 30MCG/0.3ML 1ASRG AU-NZ,4
489,Product,2,MIRCERA 100MCG/0.3ML 1ASRG PE,4
490,Product,2,RECORMON 30000IU/0.6ML 4ASRG UA,5
491,Product,2,BONDRONA 2MG/2ML 1VIAL CIS,6
492,Product,2,BONDRONA 6MG/6ML 1VIAL CH,6
493,Product,2,RECORMON 2000IU/0.3ML 6ASRG CO,5
494,Product,2,BONDRONA 6MG/6ML 1VIAL DE,6
495,Product,2,MIRCERA 75MCG/0.3ML 1ASRG US-WDY,4
496,Product,2,MIRCERA 100MCG/0.3ML 1ASRG US-WDY,4
497,Product,2,NEORECOR 2000IU/0.3ML 6ASRG AU-NZ,8
498,Product,2,ROACTEM 80MG/4ML 1VIAL IV PL,11
499,Product,2,ROACTEM 400MG/20ML 1VIAL IV PL,11
500,Product,2,ROACTEM 200MG/10ML 1VIAL IV BG,11
501,Product,2,ROACTEM 200MG/10ML 1VIAL IV HU,11
502,Product,2,ROACTEM 400MG/20ML 1VIAL IV HR,11
503,Product,2,ROACTEM 200MG/10ML 1VIAL IV IT-CLIN,11
504,Product,2,ROACTEM 400MG/20ML 1VIAL IV IT-CLIN,11
505,Product,2,ROACTEM 200MG/10ML 1VIAL IV ES,11
506,Product,2,ROACTEM 80MG/4ML 1VIAL IV PT,11
507,Product,2,ROACTEM 80MG/4ML 1VIAL IV FI,11
508,Product,2,ROACTEM 200MG/10ML 1VIAL IV GB-CHU,11
509,Product,2,ROACTEM 80MG/4ML 1VIAL IV IE,11
510,Product,2,BONIVA 3MG/3ML 1ASRG ZA,10
511,Product,2,BONDRONA 2MG/2ML 1VIAL BE,6
512,Product,2,MIRCERA 50MCG/.3ML 3 ASRG DE,4
513,Product,2,MIRCERA 360MCG/.6ML 1 ASRG FE-36,4
514,Product,2,MIRCERA 50MCG/0.3ML 1ASRG US-WDY,4
515,Product,2,ROACTEM 80MG/4ML 1VIAL IV GR,11
516,Product,2,ROACTEM 400MG/20ML 1VIAL IV GR,11
517,Product,2,MIRCERA 360MCG/0.6ML 1ASRG KR,4
518,Product,2,MIRCERA 250MCG/0.3ML 1ASRG KR,4
519,Product,2,RECORMON 4000IU/0.3ML 6ASRG FE-REG,5
520,Product,2,BONVIVA 3MG/3ML 1ASRG BY,2
521,Product,2,MIRCERA 100MCG/0.3ML 1ASRG BA,4
522,Product,2,MIRCERA 75MCG/0.3ML 1ASRG HR,4
523,Product,2,ROACTEM 80MG/4ML 1VIAL IV FR-CLINCHU,11
524,Product,2,ROACTEM 200MG/10ML 1VIAL IV FR-CLINCHU,11
525,Product,2,ROACTEM 400MG/20ML 1VIAL IV DK-NO-IS,11
526,Product,2,ROACTEM 400MG/20ML 1VIAL IV NL,11
527,Product,2,ROACTEM 80MG/4ML 1VIAL IV AT,11
528,Product,2,ROACTEM 80MG/4ML 1VIAL IV NL,11
529,Product,2,ROACTEM 400MG/20ML 1VIAL IV SI,11
530,Product,2,ROACTEM 80MG/4ML 1VIAL IV ES,11
531,Product,2,ROACTEM 400MG/20ML 1VIAL IV SE,11
532,Product,2,ROACTEM 80MG/4ML 1VIAL IV GB-CHU,11
533,Product,2,ROACTEM 80MG/4ML 1VIAL IV DE-CHU,11
534,Product,2,ROACTEM 400MG/20ML 1VIAL IV BG,11
535,Product,2,ROACTEM 400MG/20ML 1VIAL IV AT,11
536,Product,2,ROACTEM 200MG/10ML 1VIAL IV GR,11
537,Product,2,ROACTEM 80MG/4ML 1VIAL IV RO,11
538,Product,2,ROACTEM 200MG/10ML 1VIAL IV RO,11
539,Product,2,ROACTEM 80MG/4ML 1VIAL IV HR,11
540,Product,2,ROACTEM 200MG/10ML 1VIAL IV PL,11
541,Product,2,MIRCERA 30MCG/0.3ML 1ASRG ZA,4
542,Product,2,MIRCERA 100MCG/0.3ML 1ASRG EC,4
543,Product,2,MIRCERA 50MCG/.3ML 1 ASRG KZ,4
544,Product,2,MIRCERA 200MCG/0.3ML 1ASRG US-WDY,4
545,Product,2,MIRCERA 100MCG/0.3ML 1ASRG PK,4
546,Product,2,MIRCERA 50MCG/0.3ML 1ASRG PK,4
547,Product,2,MIRCERA 75MCG/0.3ML 1ASRG PK,4
548,Product,2,MIRCERA 150MCG/0.3ML 1ASRG PK,4
549,Product,2,MIRCERA 200MCG/0.3ML 1ASRG PK,4
550,Product,2,PERJETA 420MG/14ML 1VIAL BE,12
551,Product,2,PERJETA 420MG/14ML 1VIAL DE,12
552,Product,2,PERJETA 420MG/14ML 1VIAL ELL,12
553,Product,2,PERJETA 420MG/14ML 1VIAL ES,12
554,Product,2,PERJETA 420MG/14ML 1VIAL FR-CLIN,12
555,Product,2,PERJETA 420MG/14ML 1VIAL GB-IE,12
556,Product,2,PERJETA 420MG/14ML 1VIAL PT,12
557,Product,2,PERJETA 420MG/14ML 1VIAL SE-FI,12
558,Product,2,PERJETA 420MG/14ML 1VIAL SK,12
559,Product,2,PERJETA 420MG/14ML 1VIAL DK-NO-IS,12
560,Product,2,PERJETA 420MG/14ML 1VIAL GR-CY,12
561,Product,2,PERJETA 420MG/14ML 1VIAL PL,12
562,Product,2,PERJETA 420MG/14ML 1VIAL AT,12
563,Product,2,ROACTEM 200MG/10ML 1VIAL IV DK-NO-IS,11
564,Product,2,ROACTEM 200MG/10ML 1VIAL IV NL,11
565,Product,2,HERCEPTI 150MG 1VILY IV HU,3
566,Product,2,ROACTEM 200MG/10ML 1VIAL IV FI,11
567,Product,2,ROACTEM 80MG/4ML 1VIAL IV HU,11
568,Product,2,ROACTEM 80MG/4ML 1VIAL IV IT-CLIN,11
569,Product,2,ROACTEM 400MG/20ML 1VIAL IV RO,11
570,Product,2,ROACTEM 200MG/10ML 1VIAL IV AT,11
571,Product,2,ROACTEM 400MG/20ML 1VIAL IV GB-CHU,11
572,Product,2,ROACTEM 400MG/20ML 1VIAL IV SK,11
573,Product,2,ROACTEM 200MG/10ML 1VIAL IV HR,11
574,Product,2,NEORECOR 10000IU/.6ML 6 ASRG NO,8
575,Product,2,PERJETA 420MG/14ML 1VIAL NL,12
576,Product,2,BONDRONA 6MG/6ML 1VIAL PE,6
577,Product,2,BONDRONA 6MG/6ML 5VIAL DE,6
578,Product,2,BONDRONA 6MG/6ML 1VIAL GB-IE,6
579,Product,2,RECORMON 2000IU/0.3ML 6ASRG EFAPIL,5
580,Product,2,PERJETA 420MG/14ML 1VIAL CZ,12
581,Product,2,ROACTEM 80MG/4ML 1VIAL IV SK,11
582,Product,2,ROACTEM 80MG/4ML 1VIAL IV DK-NO-IS,11
583,Product,2,BONDRONA 6MG/6ML 5VIAL BE,6
584,Product,2,MIRCERA 30MCG/0.3ML 1ASRG HR,4
585,Product,2,ROACTEM 400MG/20ML 1VIAL IV DE-CHU,11
586,Product,2,ROACTEM 400MG/20ML 1VIAL IV ELL,11
587,Product,2,ROACTEM 80MG/4ML 1VIAL IV ELL,11
588,Product,2,ROACTEM 200MG/10ML 1VIAL IV PT,11
589,Product,2,ROACTEM 400MG/20ML 1VIAL IV FR-CLINCHU,11
590,Product,2,ROACTEM 400MG/20ML 1VIAL IV FI,11
591,Product,2,ROACTEM 200MG/10ML 1VIAL IV ELL,11
592,Product,2,ROACTEM 200MG/10ML 1VIAL IV IE,11
593,Product,2,MIRCERA 360MCG/.6ML 1 ASRG DK-NO-IS,4
594,Product,2,PERJETA 420MG/14ML 1VIAL HR,12
595,Product,2,PERJETA 420MG/14ML 1VIAL IT-CLIN,12
596,Product,2,PERJETA 420MG/14ML 1VIAL HU,12
597,Product,2,NEORECOR 50000IU 1VILY PT,8
598,Product,2,RECORMON 30000IU/.6ML 1 ASRG CIS,5
599,Product,2,ROACTEM 400MG/20ML 1VIAL IV HU,11
600,Product,2,ROACTEM 80MG/4ML 1VIAL IV SE,11
601,Product,2,ROACTEM 80MG/4ML 1VIAL IV SI,11
602,Product,2,ROACTEM 80MG/4ML 1VIAL IV BG,11
603,Product,2,MIRCERA 50MCG/0.3ML 1ASRG CL,4
604,Product,2,MIRCERA 75MCG/0.3ML 1ASRG CL,4
605,Product,2,MIRCERA 120MCG/0.3ML 1ASRG CH,4
606,Product,2,MIRCERA 100MCG/0.3ML 1ASRG CL,4
607,Product,2,PERJETA 420MG/14ML 1VIAL BG,12
608,Product,2,BONDRONA 6MG/6ML 1VIAL CZ,6
609,Product,2,RECORMON 2000IU/0.3ML 6ASRG PE,5
610,Product,2,BONDRONA 6MG/6ML 1VIAL FR,6
611,Product,2,ROACTEM 200MG/10ML 1VIAL IV DE-CHU,11
612,Product,2,ROACTEM 400MG/20ML 1VIAL IV IE,11
613,Product,2,NEORECOR 6000IU/.3ML 6 ASRG ELL,8
614,Product,2,PERJETA 420MG/14ML 1VIAL SI,12
615,Product,2,PERJETA 420MG/14ML 1VIAL RO,12
616,Product,2,ROACTEM 400MG/20ML 1VIAL IV PT,11
617,Product,2,NEORECOR 3000IU/0.3ML 6ASRG RO-BG-PL,8
618,Product,2,ROACTEM 200MG/10ML 1VIAL IV SI,11
619,Product,2,ROACTEM 200MG/10ML 1VIAL IV SE,11
620,Product,2,NEORECOR 3000IU/0.3ML 6ASRG GB-IE-GRCY,8
621,Product,2,NEORECOR 3000IU/0.3ML 6ASRG ES-PT,8
622,Product,2,NEORECOR 5000IU/0.3ML 6ASRG CZSKHUSI,8
623,Product,2,NEORECOR 2000IU/0.3ML 6ASRG HR,8
624,Product,2,NEORECOR 2000IU/0.3ML 6ASRG RO-BG-PL,8
625,Product,2,NEORECOR 4000IU/0.3ML 6ASRG GB-IE-GRCY,8
626,Product,2,NEORECOR 4000IU/0.3ML 6ASRG ES-PT,8
627,Product,2,NEORECOR 4000IU/0.3ML 1ASRG IT-PU,8
628,Product,2,NEORECOR 4000IU/0.3ML 6ASRG ELL,8
629,Product,2,NEORECOR 4000IU/0.3ML 6ASRG RO-BG-PL,8
630,Product,2,NEORECOR 2000IU/0.3ML 6ASRG DEATBENL,8
631,Product,2,NEORECOR 2000IU/0.3ML 6ASRG FR,8
632,Product,2,NEORECOR 2000IU/0.3ML 6ASRG GB-IE-GRCY,8
633,Product,2,NEORECOR 5000IU/0.3ML 6ASRG GB-IE-GRCY,8
634,Product,2,NEORECOR 5000IU/0.3ML 6ASRG RO-BG-PL,8
635,Product,2,NEORECOR 2000IU/0.3ML 6ASRG ES-PT,8
636,Product,2,NEORECOR 2000IU/0.3ML 6ASRG ELL,8
637,Product,2,MIRCERA 75MCG/.3ML 1 ASRG KZ,4
638,Product,2,MIRCERA 100MCG/0.3ML 1ASRG CIS,4
639,Product,2,NEORECOR 4000IU/0.3ML 6ASRG SC,8
640,Product,2,NEORECOR 5000IU/0.3ML 6ASRG ELL,8
641,Product,2,NEORECOR 4000IU/0.3ML 6ASRG NO,8
642,Product,2,NEORECOR 5000IU/0.3ML 6ASRG DEATBENL,8
643,Product,2,NEORECOR 6000IU/0.3ML 6ASRG FR,8
644,Product,2,NEORECOR 5000IU/0.3ML 6ASRG ES-PT,8
645,Product,2,NEORECOR 6000IU/0.3ML 6ASRG ELL,8
646,Product,2,MIRCERA 250MCG/.3ML 1 ASRG HR,4
647,Product,2,MIRCERA 75MCG/0.3ML 1ASRG BA,4
648,Product,2,MIRCERA 50MCG/0.3ML 1ASRG BA,4
649,Product,2,NEORECOR 5000IU/0.3ML 6ASRG SC,8
650,Product,2,NEORECOR 4000IU/0.3ML 6ASRG FR,8
651,Product,2,NEORECOR 3000IU/0.3ML 6ASRG FR,8
652,Product,2,NEORECOR 3000IU/0.3ML 6ASRG SC,8
653,Product,2,NEORECOR 3000IU/0.3ML 6ASRG DEATBENL,8
654,Product,2,NEORECOR 5000IU/0.3ML 6ASRG NO,8
655,Product,2,RECORMON 5000IU/.3ML 6 ASRG PK,5
656,Product,2,NEORECOR 2000IU/0.3ML 6ASRG SC,8
657,Product,2,NEORECOR 6000IU/0.3ML 6ASRG SC,8
658,Product,2,NEORECOR 6000IU/0.3ML 6ASRG CZSKHUSI,8
659,Product,2,NEORECOR 6000IU/0.3ML 6ASRG ES-PT,8
660,Product,2,MIRCERA 50MCG/0.3ML 1ASRG AU,4
661,Product,2,RECORMON 10000IU/0.6ML 6ASRG FE-24,5
662,Product,2,NEORECOR 5000IU/0.3ML 6ASRG FR,8
663,Product,2,BONDRONA 6MG/6ML 1VIAL SI,6
664,Product,2,NEORECOR 2000IU/0.3ML 6ASRG NO,8
665,Product,2,MIRCERA 120MCG/0.3ML 1ASRG AU,4
666,Product,2,RECORMON 4000IU/.3ML 6 ASRG MY,5
667,Product,2,NEORECOR 50000IU 1VILY PL,8
668,Product,2,RECORMON 50000IU 1VILY MX,5
669,Product,2,NEORECOR 50000IU 1VILY CZ-SK,8
670,Product,2,MIRCERA 150MCG/0.3ML 1ASRG US-WDY,4
671,Product,2,MIRCERA 120MCG/0.3ML 1ASRG BA,4
672,Product,2,MIRCERA 360MCG/0.6ML 1ASRG PT,4
673,Product,2,BONDRONA 2MG/2ML 1VIAL ZA,6
674,Product,2,NEORECOR 6000IU/0.3ML 6ASRG NO,8
675,Product,2,MIRCERA 360MCG/0.6ML 1ASRG AU,4
676,Product,2,MIRCERA 50MCG/0.3ML 1ASRG CIS,4
677,Product,2,NEORECOR 50000IU 1VILY AT-DE,8
678,Product,2,NEORECOR 6000IU/0.3ML 6ASRG GB-IE-GRCY,8
679,Product,2,MIRCERA 100MCG/0.3ML 1ASRG AU,4
680,Product,2,MIRCERA 30MCG/0.3ML 1ASRG US-WDY,4
681,Product,2,ROACTEM 200MG/10ML 1VIAL IV SK,11
682,Product,2,MIRCERA 200MCG/0.3ML 1ASRG AU,4
683,Product,2,MIRCERA 75MCG/0.3ML 1ASRG AU,4
684,Product,2,MIRCERA 100MCG/0.3ML 1ASRG BY,4
685,Product,2,MIRCERA 30MCG/0.3ML 1ASRG AU,4
686,Product,2,NEORECOR 4000IU/0.3ML 6ASRG DEATBENL,8
687,Product,2,BONDRONA 6MG/6ML 1VIAL GR-CY,6